file,experimenter,animal_id,date,time,right_trials,left_trials,stage,inti_CP,total_CP,done_trials
data_@AthenaDelayComp_athena_AA01_190425_ASV.mat,athena,AA01,25-Apr-2019,12:09:25,36,21,0,0.05,0.25,57
data_@AthenaDelayComp_athena_AA01_190426_ASV.mat,athena,AA01,26-Apr-2019,09:29:15,40,36,0,0.05,0.25,76
data_@AthenaDelayComp_athena_AA01_190429_ASV.mat,athena,AA01,29-Apr-2019,11:50:01,36,56,0,0.05,0.25,92
data_@AthenaDelayComp_athena_AA01_190430_ASV.mat,athena,AA01,30-Apr-2019,10:18:29,39,24,0,0.05,0.25,63
data_@AthenaDelayComp_athena_AA01_190501_ASV.mat,athena,AA01,01-May-2019,10:18:21,35,40,0,0.05,0.25,75
data_@AthenaDelayComp_athena_AA01_190502_ASV.mat,athena,AA01,02-May-2019,10:24:23,43,36,0,0.05,0.25,79
data_@AthenaDelayComp_athena_AA01_190503_ASV.mat,athena,AA01,03-May-2019,07:56:35,20,18,0,0.05,0.25,38
data_@AthenaDelayComp_athena_AA01_190507_ASV.mat,athena,AA01,07-May-2019,11:49:48,114,96,0,0.05,0.25,210
data_@AthenaDelayComp_athena_AA01_190508_ASV.mat,athena,AA01,08-May-2019,10:14:39,126,131,0,0.05,0.25,257
data_@AthenaDelayComp_athena_AA01_190509_ASV.mat,athena,AA01,09-May-2019,10:32:30,2,4,1,0.05,0.23400000000000015,55
data_@AthenaDelayComp_athena_AA01_190510_ASV.mat,athena,AA01,10-May-2019,09:19:48,0,0,1,0.05,0.24800000000000016,19
data_@AthenaDelayComp_athena_AA01_190513_ASV.mat,athena,AA01,13-May-2019,11:51:51,2,0,1,0.05,0.27100000000000013,32
data_@AthenaDelayComp_athena_AA01_190514_ASV.mat,athena,AA01,14-May-2019,10:26:55,0,0,1,0.05,0.29300000000000015,25
data_@AthenaDelayComp_athena_AA01_190515_ASV.mat,athena,AA01,15-May-2019,10:23:01,0,1,1,0.05,0.31400000000000017,33
data_@AthenaDelayComp_athena_AA01_190516_ASV.mat,athena,AA01,16-May-2019,10:08:41,0,0,1,0.05,0.3370000000000002,28
data_@AthenaDelayComp_athena_AA01_190517_ASV.mat,athena,AA01,17-May-2019,09:38:04,0,1,1,0.05,0.36200000000000015,29
data_@AthenaDelayComp_athena_AA01_190520_ASV.mat,athena,AA01,20-May-2019,12:03:02,1,2,1,0.05,0.3860000000000001,29
data_@AthenaDelayComp_athena_AA02_190426_ASV.mat,athena,AA02,26-Apr-2019,09:29:21,49,50,0,0.05,0.25,99
data_@AthenaDelayComp_athena_AA02_190429_ASV.mat,athena,AA02,29-Apr-2019,11:50:00,33,46,0,0.05,0.25,79
data_@AthenaDelayComp_athena_AA02_190430_ASV.mat,athena,AA02,30-Apr-2019,10:18:36,44,47,0,0.05,0.25,91
data_@AthenaDelayComp_athena_AA02_190501_ASV.mat,athena,AA02,01-May-2019,10:18:22,54,57,0,0.05,0.25,111
data_@AthenaDelayComp_athena_AA02_190502_ASV.mat,athena,AA02,02-May-2019,10:24:24,64,48,0,0.05,0.25,112
data_@AthenaDelayComp_athena_AA02_190503_ASV.mat,athena,AA02,03-May-2019,09:02:07,42,43,0,0.05,0.25,85
data_@AthenaDelayComp_athena_AA02_190507_ASV.mat,athena,AA02,07-May-2019,11:50:10,218,229,0,0.05,0.25,447
data_@AthenaDelayComp_athena_AA02_190508_ASV.mat,athena,AA02,08-May-2019,10:15:02,190,217,0,0.05,0.25,407
data_@AthenaDelayComp_athena_AA02_190509_ASV.mat,athena,AA02,09-May-2019,10:32:59,41,46,1,0.05,0.3250000000000002,259
data_@AthenaDelayComp_athena_AA02_190510_ASV.mat,athena,AA02,10-May-2019,09:20:17,104,101,1,0.05,0.5820000000000002,385
data_@AthenaDelayComp_athena_AA02_190513_ASV.mat,athena,AA02,13-May-2019,11:52:30,151,120,1,0.05,0.9160000000000001,471
data_@AthenaDelayComp_athena_AA02_190514_ASV.mat,athena,AA02,14-May-2019,10:27:18,104,81,1,0.05,1.1751,320
data_@AthenaDelayComp_athena_AA02_190515_ASV.mat,athena,AA02,15-May-2019,10:23:26,93,83,1,0.05,1.4020000000000001,305
data_@AthenaDelayComp_athena_AA02_190516_ASV.mat,athena,AA02,16-May-2019,10:09:08,70,89,1,0.05,1.7300000000000002,323
data_@AthenaDelayComp_athena_AA02_190517_ASV.mat,athena,AA02,17-May-2019,09:38:31,75,63,1,0.05,2.098,342
data_@AthenaDelayComp_athena_AA02_190520_ASV.mat,athena,AA02,20-May-2019,12:03:27,74,59,1,0.05,2.434,315
data_@AthenaDelayComp_athena_AA03_190425_ASV.mat,athena,AA03,25-Apr-2019,13:30:21,53,37,0,0.05,0.25,90
data_@AthenaDelayComp_athena_AA03_190426_ASV.mat,athena,AA03,26-Apr-2019,11:01:49,50,45,0,0.05,0.25,95
data_@AthenaDelayComp_athena_AA03_190429_ASV.mat,athena,AA03,29-Apr-2019,13:18:25,42,51,0,0.05,0.25,93
data_@AthenaDelayComp_athena_AA03_190430_ASV.mat,athena,AA03,30-Apr-2019,11:49:58,48,59,0,0.05,0.25,107
data_@AthenaDelayComp_athena_AA03_190501_ASV.mat,athena,AA03,01-May-2019,11:44:52,52,59,0,0.05,0.25,111
data_@AthenaDelayComp_athena_AA03_190502_ASV.mat,athena,AA03,02-May-2019,11:54:49,53,58,0,0.05,0.25,111
data_@AthenaDelayComp_athena_AA03_190503_ASV.mat,athena,AA03,03-May-2019,10:30:55,40,42,0,0.05,0.25,82
data_@AthenaDelayComp_athena_AA03_190507_ASV.mat,athena,AA03,07-May-2019,13:18:05,233,225,0,0.05,0.25,458
data_@AthenaDelayComp_athena_AA03_190508_ASV.mat,athena,AA03,08-May-2019,10:44:14,86,92,0,0.05,0.25,178
data_@AthenaDelayComp_athena_AA03_190509_ASV.mat,athena,AA03,09-May-2019,12:16:14,0,1,1,0.05,0.23100000000000015,54
data_@AthenaDelayComp_athena_AA03_190510_ASV.mat,athena,AA03,10-May-2019,10:48:06,0,0,1,0.05,0.25500000000000017,25
data_@AthenaDelayComp_athena_AA03_190513_ASV.mat,athena,AA03,13-May-2019,13:20:44,0,0,1,0.05,0.27800000000000014,24
data_@AthenaDelayComp_athena_AA03_190514_ASV.mat,athena,AA03,14-May-2019,11:56:13,0,1,1,0.05,0.29200000000000015,17
data_@AthenaDelayComp_athena_AA03_190515_ASV.mat,athena,AA03,15-May-2019,11:51:48,0,0,1,0.05,0.31500000000000017,26
data_@AthenaDelayComp_athena_AA03_190516_ASV.mat,athena,AA03,16-May-2019,11:37:27,0,0,1,0.05,0.3370000000000002,26
data_@AthenaDelayComp_athena_AA03_190517_ASV.mat,athena,AA03,17-May-2019,11:07:16,0,0,1,0.05,0.36000000000000015,25
data_@AthenaDelayComp_athena_AA03_190520_ASV.mat,athena,AA03,20-May-2019,13:30:06,0,0,1,0.05,0.3810000000000001,31
data_@AthenaDelayComp_athena_AA04_190425_ASV.mat,athena,AA04,25-Apr-2019,13:30:52,37,52,0,0.05,0.25,89
data_@AthenaDelayComp_athena_AA04_190426_ASV.mat,athena,AA04,26-Apr-2019,11:02:17,43,50,0,0.05,0.25,93
data_@AthenaDelayComp_athena_AA04_190429_ASV.mat,athena,AA04,29-Apr-2019,13:18:55,72,50,0,0.05,0.25,122
data_@AthenaDelayComp_athena_AA04_190430_ASV.mat,athena,AA04,30-Apr-2019,11:51:01,53,73,0,0.05,0.25,126
data_@AthenaDelayComp_athena_AA04_190501_ASV.mat,athena,AA04,01-May-2019,11:45:35,64,66,0,0.05,0.25,130
data_@AthenaDelayComp_athena_AA04_190502_ASV.mat,athena,AA04,02-May-2019,11:55:00,57,61,0,0.05,0.25,118
data_@AthenaDelayComp_athena_AA04_190503_ASV.mat,athena,AA04,03-May-2019,10:31:01,52,52,0,0.05,0.25,104
data_@AthenaDelayComp_athena_AA04_190507_ASV.mat,athena,AA04,07-May-2019,13:18:11,204,195,0,0.05,0.25,399
data_@AthenaDelayComp_athena_AA04_190508_ASV.mat,athena,AA04,08-May-2019,11:45:05,96,100,0,0.05,0.25,196
data_@AthenaDelayComp_athena_AA04_190509_ASV.mat,athena,AA04,09-May-2019,12:16:20,18,21,1,0.05,0.27100000000000013,124
data_@AthenaDelayComp_athena_AA04_190510_ASV.mat,athena,AA04,10-May-2019,10:48:11,27,36,1,0.05,0.36700000000000016,171
data_@AthenaDelayComp_athena_AA04_190513_ASV.mat,athena,AA04,13-May-2019,13:20:54,81,98,1,0.05,0.6050000000000002,295
data_@AthenaDelayComp_athena_AA04_190514_ASV.mat,athena,AA04,14-May-2019,11:56:20,117,113,1,0.05,0.8850000000000002,321
data_@AthenaDelayComp_athena_AA04_190515_ASV.mat,athena,AA04,15-May-2019,11:52:04,65,74,1,0.05,1.0730000000000002,212
data_@AthenaDelayComp_athena_AA04_190516_ASV.mat,athena,AA04,16-May-2019,11:37:13,80,96,1,0.05,1.3040000000000003,286
data_@AthenaDelayComp_athena_AA04_190517_ASV.mat,athena,AA04,17-May-2019,11:06:22,58,65,1,0.05,1.4560000000000002,219
data_@AthenaDelayComp_athena_AA04_190520_ASV.mat,athena,AA04,20-May-2019,13:30:16,78,73,1,0.05,1.8040000000000003,264
data_@AthenaDelayComp_athena_AA05_190425_ASV.mat,athena,AA05,25-Apr-2019,15:57:01,26,41,0,0.05,0.25,67
data_@AthenaDelayComp_athena_AA05_190426_ASV.mat,athena,AA05,26-Apr-2019,12:32:57,40,30,0,0.05,0.25,70
data_@AthenaDelayComp_athena_AA05_190429_ASV.mat,athena,AA05,29-Apr-2019,14:48:29,53,43,0,0.05,0.25,96
data_@AthenaDelayComp_athena_AA05_190430_ASV.mat,athena,AA05,30-Apr-2019,13:18:31,37,37,0,0.05,0.25,74
data_@AthenaDelayComp_athena_AA05_190501_ASV.mat,athena,AA05,01-May-2019,13:12:37,51,43,0,0.05,0.25,94
data_@AthenaDelayComp_athena_AA05_190502_ASV.mat,athena,AA05,02-May-2019,13:23:54,29,29,0,0.05,0.25,58
data_@AthenaDelayComp_athena_AA05_190503_ASV.mat,athena,AA05,03-May-2019,11:58:25,35,33,0,0.05,0.25,68
data_@AthenaDelayComp_athena_AA05_190507_ASV.mat,athena,AA05,07-May-2019,14:44:14,235,213,0,0.05,0.25,448
data_@AthenaDelayComp_athena_AA05_190508_ASV.mat,athena,AA05,08-May-2019,13:25:18,108,135,0,0.05,0.25,243
data_@AthenaDelayComp_athena_AA05_190509_ASV.mat,athena,AA05,09-May-2019,13:44:33,2,1,1,0.05,0.22700000000000015,44
data_@AthenaDelayComp_athena_AA05_190510_ASV.mat,athena,AA05,10-May-2019,12:19:05,1,0,1,0.05,0.24700000000000016,52
data_@AthenaDelayComp_athena_AA05_190513_ASV.mat,athena,AA05,13-May-2019,14:50:21,0,1,1,0.05,0.2630000000000001,38
data_@AthenaDelayComp_athena_AA05_190514_ASV.mat,athena,AA05,14-May-2019,13:22:48,1,0,1,0.05,0.28500000000000014,28
data_@AthenaDelayComp_athena_AA05_190515_ASV.mat,athena,AA05,15-May-2019,13:20:08,0,0,1,0.05,0.30800000000000016,29
data_@AthenaDelayComp_athena_AA05_190516_ASV.mat,athena,AA05,16-May-2019,13:05:37,0,0,1,0.05,0.3310000000000002,25
data_@AthenaDelayComp_athena_AA05_190517_ASV.mat,athena,AA05,17-May-2019,12:34:18,0,0,1,0.05,0.35300000000000015,27
data_@AthenaDelayComp_athena_AA05_190520_ASV.mat,athena,AA05,20-May-2019,14:56:22,0,0,1,0.05,0.3740000000000001,27
data_@AthenaDelayComp_athena_AA06_190425_ASV.mat,athena,AA06,25-Apr-2019,14:56:57,43,44,0,0.05,0.25,87
data_@AthenaDelayComp_athena_AA06_190426_ASV.mat,athena,AA06,26-Apr-2019,12:32:56,36,44,0,0.05,0.25,80
data_@AthenaDelayComp_athena_AA06_190429_ASV.mat,athena,AA06,29-Apr-2019,14:48:22,47,58,0,0.05,0.25,105
data_@AthenaDelayComp_athena_AA06_190430_ASV.mat,athena,AA06,30-Apr-2019,13:18:25,42,48,0,0.05,0.25,90
data_@AthenaDelayComp_athena_AA06_190501_ASV.mat,athena,AA06,01-May-2019,13:12:29,48,42,0,0.05,0.25,90
data_@AthenaDelayComp_athena_AA06_190502_ASV.mat,athena,AA06,02-May-2019,13:23:57,48,50,0,0.05,0.25,98
data_@AthenaDelayComp_athena_AA06_190503_ASV.mat,athena,AA06,03-May-2019,11:58:30,47,42,0,0.05,0.25,89
data_@AthenaDelayComp_athena_AA06_190507_ASV.mat,athena,AA06,07-May-2019,14:44:21,252,241,0,0.05,0.25,493
data_@AthenaDelayComp_athena_AA06_190508_ASV.mat,athena,AA06,08-May-2019,13:25:21,139,150,0,0.05,0.25,289
data_@AthenaDelayComp_athena_AA06_190509_ASV.mat,athena,AA06,09-May-2019,13:44:37,6,13,1,0.05,0.24200000000000016,77
data_@AthenaDelayComp_athena_AA06_190510_ASV.mat,athena,AA06,10-May-2019,12:18:01,1,2,1,0.05,0.2630000000000001,51
data_@AthenaDelayComp_athena_AA06_190513_ASV.mat,athena,AA06,13-May-2019,14:50:23,7,6,1,0.05,0.28500000000000014,96
data_@AthenaDelayComp_athena_AA06_190514_ASV.mat,athena,AA06,14-May-2019,13:22:53,69,72,1,0.05,0.4720000000000002,309
data_@AthenaDelayComp_athena_AA06_190515_ASV.mat,athena,AA06,15-May-2019,13:20:07,97,105,1,0.05,0.7240000000000002,300
data_@AthenaDelayComp_athena_AA06_190516_ASV.mat,athena,AA06,16-May-2019,13:05:44,102,86,1,0.05,0.9680000000000002,352
data_@AthenaDelayComp_athena_AA06_190517_ASV.mat,athena,AA06,17-May-2019,12:34:29,75,104,1,0.05,1.2140000000000002,303
data_@AthenaDelayComp_athena_AA06_190520_ASV.mat,athena,AA06,20-May-2019,14:56:34,107,101,1,0.05,1.4700000000000002,317
data_@AthenaDelayComp_athena_AA07_190425_ASV.mat,athena,AA07,25-Apr-2019,17:18:04,43,47,0,0.05,0.25,90
data_@AthenaDelayComp_athena_AA07_190426_ASV.mat,athena,AA07,26-Apr-2019,15:27:14,45,47,0,0.05,0.25,92
data_@AthenaDelayComp_athena_AA07_190429_ASV.mat,athena,AA07,29-Apr-2019,17:48:18,53,38,0,0.05,0.25,91
data_@AthenaDelayComp_athena_AA07_190430_ASV.mat,athena,AA07,30-Apr-2019,16:11:10,27,46,0,0.05,0.25,73
data_@AthenaDelayComp_athena_AA07_190501_ASV.mat,athena,AA07,01-May-2019,16:03:36,46,41,0,0.05,0.25,87
data_@AthenaDelayComp_athena_AA07_190502_ASV.mat,athena,AA07,02-May-2019,16:17:14,45,56,0,0.05,0.25,101
data_@AthenaDelayComp_athena_AA07_190503_ASV.mat,athena,AA07,03-May-2019,14:49:40,50,51,0,0.05,0.25,101
data_@AthenaDelayComp_athena_AA07_190507_ASV.mat,athena,AA07,07-May-2019,17:32:06,228,208,0,0.05,0.25,436
data_@AthenaDelayComp_athena_AA07_190508_ASV.mat,athena,AA07,08-May-2019,16:18:22,148,162,0,0.05,0.25,310
data_@AthenaDelayComp_athena_AA07_190509_ASV.mat,athena,AA07,09-May-2019,16:38:09,13,7,1,0.05,0.24600000000000016,78
data_@AthenaDelayComp_athena_AA07_190510_ASV.mat,athena,AA07,10-May-2019,15:10:04,10,18,1,0.05,0.28100000000000014,57
data_@AthenaDelayComp_athena_AA07_190513_ASV.mat,athena,AA07,13-May-2019,17:42:52,135,125,1,0.05,0.5950000000000002,452
data_@AthenaDelayComp_athena_AA07_190514_ASV.mat,athena,AA07,14-May-2019,16:13:16,69,76,1,0.05,0.7860000000000001,233
data_@AthenaDelayComp_athena_AA07_190515_ASV.mat,athena,AA07,15-May-2019,16:09:09,101,88,1,0.05,1.0250000000000001,291
data_@AthenaDelayComp_athena_AA07_190516_ASV.mat,athena,AA07,16-May-2019,15:59:56,51,51,1,0.05,1.1739000000000002,171
data_@AthenaDelayComp_athena_AA07_190517_ASV.mat,athena,AA07,17-May-2019,15:30:23,16,16,1,0.05,1.227,73
data_@AthenaDelayComp_athena_AA07_190520_ASV.mat,athena,AA07,20-May-2019,17:46:01,48,49,1,0.05,1.352,186
data_@AthenaDelayComp_athena_AA08_190425_ASV.mat,athena,AA08,25-Apr-2019,17:18:12,56,57,0,0.05,0.25,113
data_@AthenaDelayComp_athena_AA08_190426_ASV.mat,athena,AA08,26-Apr-2019,14:33:39,88,70,0,0.05,0.25,158
data_@AthenaDelayComp_athena_AA08_190429_ASV.mat,athena,AA08,29-Apr-2019,17:48:18,56,55,0,0.05,0.25,111
data_@AthenaDelayComp_athena_AA08_190430_ASV.mat,athena,AA08,30-Apr-2019,16:11:11,57,45,0,0.05,0.25,102
data_@AthenaDelayComp_athena_AA08_190501_ASV.mat,athena,AA08,01-May-2019,16:03:41,67,64,0,0.05,0.25,131
data_@AthenaDelayComp_athena_AA08_190502_ASV.mat,athena,AA08,02-May-2019,16:17:15,63,49,0,0.05,0.25,112
data_@AthenaDelayComp_athena_AA08_190503_ASV.mat,athena,AA08,03-May-2019,14:49:59,53,56,0,0.05,0.25,109
data_@AthenaDelayComp_athena_AA08_190507_ASV.mat,athena,AA08,07-May-2019,17:32:28,245,236,0,0.05,0.25,481
data_@AthenaDelayComp_athena_AA08_190508_ASV.mat,athena,AA08,08-May-2019,16:18:46,156,155,0,0.05,0.25,311
data_@AthenaDelayComp_athena_AA08_190509_ASV.mat,athena,AA08,09-May-2019,16:38:30,13,16,1,0.05,0.25600000000000017,92
data_@AthenaDelayComp_athena_AA08_190510_ASV.mat,athena,AA08,10-May-2019,15:10:38,7,3,1,0.05,0.28400000000000014,75
data_@AthenaDelayComp_athena_AA08_190513_ASV.mat,athena,AA08,13-May-2019,17:43:17,124,126,1,0.05,0.5940000000000002,448
data_@AthenaDelayComp_athena_AA08_190514_ASV.mat,athena,AA08,14-May-2019,16:13:50,104,91,1,0.05,0.8460000000000002,307
data_@AthenaDelayComp_athena_AA08_190515_ASV.mat,athena,AA08,15-May-2019,16:09:35,91,106,1,0.05,1.0906,275
data_@AthenaDelayComp_athena_AA08_190516_ASV.mat,athena,AA08,16-May-2019,16:00:22,103,90,1,0.05,1.346,278
data_@AthenaDelayComp_athena_AA08_190517_ASV.mat,athena,AA08,17-May-2019,15:30:48,60,40,1,0.05,1.485,166
data_@AthenaDelayComp_athena_AA08_190520_ASV.mat,athena,AA08,20-May-2019,17:46:30,94,111,1,0.05,2,322
data_@AthenaDelayComp_dammy_DO01_190425_ASV.mat,dammy,DO01,25-Apr-2019,12:11:54,34,22,0,0.05,0.25,56
data_@AthenaDelayComp_dammy_DO01_190426_ASV.mat,dammy,DO01,26-Apr-2019,09:32:17,50,41,0,0.05,0.25,91
data_@AthenaDelayComp_dammy_DO01_190429_ASV.mat,dammy,DO01,29-Apr-2019,11:46:34,43,56,0,0.05,0.25,99
data_@AthenaDelayComp_dammy_DO01_190430_ASV.mat,dammy,DO01,30-Apr-2019,10:18:48,51,33,0,0.05,0.25,84
data_@AthenaDelayComp_dammy_DO01_190501_ASV.mat,dammy,DO01,01-May-2019,10:19:24,39,40,0,0.05,0.25,79
data_@AthenaDelayComp_dammy_DO01_190502_ASV.mat,dammy,DO01,02-May-2019,10:26:25,48,45,0,0.05,0.25,93
data_@AthenaDelayComp_dammy_DO01_190503_ASV.mat,dammy,DO01,03-May-2019,09:02:25,38,55,0,0.05,0.25,93
data_@AthenaDelayComp_dammy_DO01_190507_ASV.mat,dammy,DO01,07-May-2019,11:51:17,211,192,0,0.05,0.25,403
data_@AthenaDelayComp_dammy_DO01_190508_ASV.mat,dammy,DO01,08-May-2019,10:16:26,102,124,0,0.05,0.25,226
data_@AthenaDelayComp_dammy_DO01_190509_ASV.mat,dammy,DO01,09-May-2019,10:32:42,5,6,1,0.05,0.24100000000000016,46
data_@AthenaDelayComp_dammy_DO01_190510_ASV.mat,dammy,DO01,10-May-2019,09:17:05,2,1,1,0.05,0.2640000000000001,27
data_@AthenaDelayComp_dammy_DO01_190513_ASV.mat,dammy,DO01,13-May-2019,11:54:48,2,2,1,0.05,0.28800000000000014,32
data_@AthenaDelayComp_dammy_DO01_190514_ASV.mat,dammy,DO01,14-May-2019,10:28:16,0,0,1,0.05,0.30900000000000016,27
data_@AthenaDelayComp_dammy_DO01_190515_ASV.mat,dammy,DO01,15-May-2019,10:25:21,2,0,1,0.05,0.3310000000000002,35
data_@AthenaDelayComp_dammy_DO01_190516_ASV.mat,dammy,DO01,16-May-2019,10:10:10,1,2,1,0.05,0.35300000000000015,52
data_@AthenaDelayComp_dammy_DO01_190517_ASV.mat,dammy,DO01,17-May-2019,09:40:08,59,65,1,0.05,0.5180000000000001,263
data_@AthenaDelayComp_dammy_DO01_190520_ASV.mat,dammy,DO01,20-May-2019,12:04:58,85,66,1,0.05,0.7100000000000002,253
data_@AthenaDelayComp_dammy_DO02_190425a,dammy,DO02,25-Apr-2019,12:12:37,4,2,0,0.05,0.25,6
data_@AthenaDelayComp_dammy_DO02_190425b,dammy,DO02,25-Apr-2019,12:12:38,4,2,0,0.05,0.25,6
data_@AthenaDelayComp_dammy_DO02_190425c,dammy,DO02,25-Apr-2019,12:12:39,4,2,0,0.05,0.25,6
data_@AthenaDelayComp_dammy_DO02_190426_ASV.mat,dammy,DO02,26-Apr-2019,09:32:46,45,39,0,0.05,0.25,84
data_@AthenaDelayComp_dammy_DO02_190429_ASV.mat,dammy,DO02,29-Apr-2019,11:47:07,44,46,0,0.05,0.25,90
data_@AthenaDelayComp_dammy_DO02_190430_ASV.mat,dammy,DO02,30-Apr-2019,10:20:45,36,45,0,0.05,0.25,81
data_@AthenaDelayComp_dammy_DO02_190502_ASV.mat,dammy,DO02,02-May-2019,10:26:37,33,45,0,0.05,0.25,78
data_@AthenaDelayComp_dammy_DO02_190503_ASV.mat,dammy,DO02,03-May-2019,09:03:12,25,20,0,0.05,0.25,45
data_@AthenaDelayComp_dammy_DO02_190507_ASV.mat,dammy,DO02,07-May-2019,11:51:24,144,152,0,0.05,0.25,296
data_@AthenaDelayComp_dammy_DO02_190508_ASV.mat,dammy,DO02,08-May-2019,10:16:32,102,93,0,0.05,0.25,195
data_@AthenaDelayComp_dammy_DO02_190509_ASV.mat,dammy,DO02,09-May-2019,10:32:50,10,8,1,0.05,0.24700000000000016,56
data_@AthenaDelayComp_dammy_DO02_190510_ASV.mat,dammy,DO02,10-May-2019,09:17:12,3,2,1,0.05,0.2620000000000001,22
data_@AthenaDelayComp_dammy_DO02_190513_ASV.mat,dammy,DO02,13-May-2019,11:54:39,55,63,1,0.05,0.40700000000000014,213
data_@AthenaDelayComp_dammy_DO02_190514_ASV.mat,dammy,DO02,14-May-2019,10:28:25,98,90,1,0.05,0.6520000000000001,298
data_@AthenaDelayComp_dammy_DO02_190515_ASV.mat,dammy,DO02,15-May-2019,10:25:30,107,96,1,0.05,0.9160000000000001,318
data_@AthenaDelayComp_dammy_DO02_190516_ASV.mat,dammy,DO02,16-May-2019,10:10:18,79,90,1,0.05,1.1302,235
data_@AthenaDelayComp_dammy_DO02_190517_ASV.mat,dammy,DO02,17-May-2019,09:40:18,33,37,1,0.05,1.237,113
data_@AthenaDelayComp_dammy_DO02_190520_ASV.mat,dammy,DO02,20-May-2019,12:05:09,114,131,1,0.05,1.578,344
data_@AthenaDelayComp_dammy_DO03_190425_ASV.mat,dammy,DO03,25-Apr-2019,14:32:33,59,51,0,0.05,0.25,110
data_@AthenaDelayComp_dammy_DO03_190426_ASV.mat,dammy,DO03,26-Apr-2019,11:04:09,39,44,0,0.05,0.25,83
data_@AthenaDelayComp_dammy_DO03_190429_ASV.mat,dammy,DO03,29-Apr-2019,13:20:23,43,20,0,0.05,0.25,63
data_@AthenaDelayComp_dammy_DO03_190430_ASV.mat,dammy,DO03,30-Apr-2019,11:51:42,34,33,0,0.05,0.25,67
data_@AthenaDelayComp_dammy_DO03_190501_ASV.mat,dammy,DO03,01-May-2019,11:46:14,29,46,0,0.05,0.25,75
data_@AthenaDelayComp_dammy_DO03_190502_ASV.mat,dammy,DO03,02-May-2019,11:56:02,39,33,0,0.05,0.25,72
data_@AthenaDelayComp_dammy_DO03_190503_ASV.mat,dammy,DO03,03-May-2019,10:32:04,26,26,0,0.05,0.25,52
data_@AthenaDelayComp_dammy_DO03_190507_ASV.mat,dammy,DO03,07-May-2019,13:18:56,155,164,0,0.05,0.25,319
data_@AthenaDelayComp_dammy_DO03_190508_ASV.mat,dammy,DO03,08-May-2019,11:46:24,95,80,0,0.05,0.25,175
data_@AthenaDelayComp_dammy_DO03_190509_ASV.mat,dammy,DO03,09-May-2019,12:17:05,3,4,1,0.05,0.23600000000000015,67
data_@AthenaDelayComp_dammy_DO03_190510_ASV.mat,dammy,DO03,10-May-2019,10:49:18,0,1,1,0.05,0.2580000000000002,32
data_@AthenaDelayComp_dammy_DO03_190513_ASV.mat,dammy,DO03,13-May-2019,13:21:54,1,0,1,0.05,0.27900000000000014,32
data_@AthenaDelayComp_dammy_DO03_190514_ASV.mat,dammy,DO03,14-May-2019,11:57:29,1,0,1,0.05,0.30000000000000016,27
data_@AthenaDelayComp_dammy_DO03_190515_ASV.mat,dammy,DO03,15-May-2019,11:53:34,0,0,1,0.05,0.3230000000000002,27
data_@AthenaDelayComp_dammy_DO03_190516_ASV.mat,dammy,DO03,16-May-2019,11:38:39,1,0,1,0.05,0.34600000000000014,26
data_@AthenaDelayComp_dammy_DO03_190517_ASV.mat,dammy,DO03,17-May-2019,11:08:48,0,0,1,0.05,0.36700000000000016,26
data_@AthenaDelayComp_dammy_DO03_190520_ASV.mat,dammy,DO03,20-May-2019,13:31:02,1,0,1,0.05,0.3850000000000001,54
data_@AthenaDelayComp_dammy_DO04_190425_ASV.mat,dammy,DO04,25-Apr-2019,13:32:30,48,45,0,0.05,0.25,93
data_@AthenaDelayComp_dammy_DO04_190426_ASV.mat,dammy,DO04,26-Apr-2019,11:04:05,35,37,0,0.05,0.25,72
data_@AthenaDelayComp_dammy_DO04_190429_ASV.mat,dammy,DO04,29-Apr-2019,13:20:17,33,38,0,0.05,0.25,71
data_@AthenaDelayComp_dammy_DO04_190430_ASV.mat,dammy,DO04,30-Apr-2019,11:52:43,40,43,0,0.05,0.25,83
data_@AthenaDelayComp_dammy_DO04_190501_ASV.mat,dammy,DO04,01-May-2019,11:46:17,49,45,0,0.05,0.25,94
data_@AthenaDelayComp_dammy_DO04_190502_ASV.mat,dammy,DO04,02-May-2019,11:56:14,54,42,0,0.05,0.25,96
data_@AthenaDelayComp_dammy_DO04_190503_ASV.mat,dammy,DO04,03-May-2019,10:32:09,36,41,0,0.05,0.25,77
data_@AthenaDelayComp_dammy_DO04_190507_ASV.mat,dammy,DO04,07-May-2019,13:19:02,204,225,0,0.05,0.25,429
data_@AthenaDelayComp_dammy_DO04_190508_ASV.mat,dammy,DO04,08-May-2019,11:46:39,129,134,0,0.05,0.25,263
data_@AthenaDelayComp_dammy_DO04_190509_ASV.mat,dammy,DO04,09-May-2019,12:17:08,3,4,1,0.05,0.23300000000000015,70
data_@AthenaDelayComp_dammy_DO04_190510_ASV.mat,dammy,DO04,10-May-2019,10:49:22,2,3,1,0.05,0.2570000000000002,44
data_@AthenaDelayComp_dammy_DO04_190513_ASV.mat,dammy,DO04,13-May-2019,13:21:58,3,6,1,0.05,0.28800000000000014,54
data_@AthenaDelayComp_dammy_DO04_190514_ASV.mat,dammy,DO04,14-May-2019,11:57:32,30,24,1,0.05,0.36700000000000016,106
data_@AthenaDelayComp_dammy_DO04_190515_ASV.mat,dammy,DO04,15-May-2019,11:53:30,96,97,1,0.05,0.6180000000000001,289
data_@AthenaDelayComp_dammy_DO04_190516_ASV.mat,dammy,DO04,16-May-2019,11:38:47,100,88,1,0.05,0.8680000000000002,288
data_@AthenaDelayComp_dammy_DO04_190517_ASV.mat,dammy,DO04,17-May-2019,11:08:44,94,106,1,0.05,1.1126,272
data_@AthenaDelayComp_dammy_DO04_190520_ASV.mat,dammy,DO04,20-May-2019,13:31:16,60,71,1,0.05,1.2920000000000003,210
data_@AthenaDelayComp_dammy_DO05_190425_ASV.mat,dammy,DO05,25-Apr-2019,16:07:22,45,41,0,0.05,0.25,86
data_@AthenaDelayComp_dammy_DO05_190426_ASV.mat,dammy,DO05,26-Apr-2019,13:58:39,35,33,0,0.05,0.25,68
data_@AthenaDelayComp_dammy_DO05_190429_ASV.mat,dammy,DO05,29-Apr-2019,16:14:23,39,32,0,0.05,0.25,71
data_@AthenaDelayComp_dammy_DO05_190430_ASV.mat,dammy,DO05,30-Apr-2019,14:43:06,34,49,0,0.05,0.25,83
data_@AthenaDelayComp_dammy_DO05_190501_ASV.mat,dammy,DO05,01-May-2019,14:36:06,36,47,0,0.05,0.25,83
data_@AthenaDelayComp_dammy_DO05_190502_ASV.mat,dammy,DO05,02-May-2019,14:49:08,46,54,0,0.05,0.25,100
data_@AthenaDelayComp_dammy_DO05_190503_ASV.mat,dammy,DO05,03-May-2019,13:23:19,45,59,0,0.05,0.25,104
data_@AthenaDelayComp_dammy_DO05_190507_ASV.mat,dammy,DO05,07-May-2019,16:07:27,239,226,0,0.05,0.25,465
data_@AthenaDelayComp_dammy_DO05_190508_ASV.mat,dammy,DO05,08-May-2019,13:44:45,47,51,0,0.05,0.25,98
data_@AthenaDelayComp_dammy_DO05_190509_ASV.mat,dammy,DO05,09-May-2019,15:13:28,44,54,1,0.05,0.3300000000000002,198
data_@AthenaDelayComp_dammy_DO05_190510_ASV.mat,dammy,DO05,10-May-2019,13:43:19,71,79,1,0.05,0.5290000000000001,355
data_@AthenaDelayComp_dammy_DO05_190513_ASV.mat,dammy,DO05,13-May-2019,16:15:13,85,94,1,0.05,0.7560000000000002,327
data_@AthenaDelayComp_dammy_DO05_190514_ASV.mat,dammy,DO05,14-May-2019,14:46:05,52,64,1,0.05,0.9150000000000001,228
data_@AthenaDelayComp_dammy_DO05_190515_ASV.mat,dammy,DO05,15-May-2019,14:42:18,108,120,1,0.05,1.209,346
data_@AthenaDelayComp_dammy_DO05_190516_ASV.mat,dammy,DO05,16-May-2019,14:29:12,87,98,1,0.05,1.4430000000000003,287
data_@AthenaDelayComp_dammy_DO05_190517_ASV.mat,dammy,DO05,17-May-2019,14:01:55,61,67,1,0.05,1.7220000000000002,215
data_@AthenaDelayComp_dammy_DO05_190520_ASV.mat,dammy,DO05,20-May-2019,16:19:49,85,69,1,0.05,2.106,251
data_@AthenaDelayComp_dammy_do06_190425_ASV.mat,dammy,do06,25-Apr-2019,16:07:28,35,56,0,0.05,0.25,91
data_@AthenaDelayComp_dammy_do06_190426_ASV.mat,dammy,do06,26-Apr-2019,13:58:51,29,28,0,0.05,0.25,57
data_@AthenaDelayComp_dammy_do06_190429_ASV.mat,dammy,do06,29-Apr-2019,16:14:23,29,19,0,0.05,0.25,48
data_@AthenaDelayComp_dammy_do06_190430_ASV.mat,dammy,do06,30-Apr-2019,14:43:07,53,43,0,0.05,0.25,96
data_@AthenaDelayComp_dammy_do06_190501_ASV.mat,dammy,do06,01-May-2019,14:36:13,49,47,0,0.05,0.25,96
data_@AthenaDelayComp_dammy_do06_190502_ASV.mat,dammy,do06,02-May-2019,14:49:09,60,43,0,0.05,0.25,103
data_@AthenaDelayComp_dammy_do06_190503_ASV.mat,dammy,do06,03-May-2019,13:23:37,40,42,0,0.05,0.25,82
data_@AthenaDelayComp_dammy_do06_190507_ASV.mat,dammy,do06,07-May-2019,16:07:46,231,186,0,0.05,0.25,417
data_@AthenaDelayComp_dammy_do06_190508_ASV.mat,dammy,do06,08-May-2019,14:48:49,121,120,0,0.05,0.25,241
data_@AthenaDelayComp_dammy_do06_190509_ASV.mat,dammy,do06,09-May-2019,15:14:01,197,213,0,0.05,0.25,410
data_@AthenaDelayComp_dammy_DO06_190510_ASV.mat,dammy,DO06,10-May-2019,13:43:47,7,2,1,0.05,0.24000000000000016,51
data_@AthenaDelayComp_dammy_DO06_190513_ASV.mat,dammy,DO06,13-May-2019,16:15:40,2,2,1,0.05,0.2570000000000002,41
data_@AthenaDelayComp_dammy_DO06_190514_ASV.mat,dammy,DO06,14-May-2019,14:46:32,6,3,1,0.05,0.23500000000000015,39
data_@AthenaDelayComp_dammy_DO06_190515_ASV.mat,dammy,DO06,15-May-2019,14:42:46,71,57,1,0.05,0.39600000000000013,250
data_@AthenaDelayComp_dammy_DO06_190516_ASV.mat,dammy,DO06,16-May-2019,14:29:39,112,118,1,0.05,0.6920000000000002,413
data_@AthenaDelayComp_dammy_DO06_190517_ASV.mat,dammy,DO06,17-May-2019,14:02:23,71,87,1,0.05,0.9100000000000001,271
data_@AthenaDelayComp_dammy_DO06_190520_ASV.mat,dammy,DO06,20-May-2019,16:20:15,101,102,1,0.05,1.1835000000000002,334
data_@AthenaDelayComp_dammy_DO07_190425_ASV.mat,dammy,DO07,25-Apr-2019,17:19:39,46,58,0,0.05,0.25,104
data_@AthenaDelayComp_dammy_DO07_190426_ASV.mat,dammy,DO07,26-Apr-2019,15:27:55,53,32,0,0.05,0.25,85
data_@AthenaDelayComp_dammy_DO07_190429_ASV.mat,dammy,DO07,29-Apr-2019,17:51:06,44,61,0,0.05,0.25,105
data_@AthenaDelayComp_dammy_DO07_190430_ASV.mat,dammy,DO07,30-Apr-2019,16:12:52,54,54,0,0.05,0.25,108
data_@AthenaDelayComp_dammy_DO07_190501_ASV.mat,dammy,DO07,01-May-2019,16:04:39,30,55,0,0.05,0.25,85
data_@AthenaDelayComp_dammy_DO07_190502_ASV.mat,dammy,DO07,02-May-2019,16:19:31,38,41,0,0.05,0.25,79
data_@AthenaDelayComp_dammy_DO07_190503_ASV.mat,dammy,DO07,03-May-2019,14:50:30,33,42,0,0.05,0.25,75
data_@AthenaDelayComp_dammy_DO07_190507_ASV.mat,dammy,DO07,07-May-2019,17:33:15,246,273,0,0.05,0.25,519
data_@AthenaDelayComp_dammy_DO07_190508_ASV.mat,dammy,DO07,08-May-2019,16:16:09,167,154,0,0.05,0.25,321
data_@AthenaDelayComp_dammy_DO07_190509_ASV.mat,dammy,DO07,09-May-2019,16:39:19,68,71,1,0.05,0.3870000000000001,368
data_@AthenaDelayComp_dammy_DO07_190510_ASV.mat,dammy,DO07,10-May-2019,15:11:46,29,27,1,0.05,0.4590000000000002,117
data_@AthenaDelayComp_dammy_DO07_190513_ASV.mat,dammy,DO07,13-May-2019,17:44:06,110,117,1,0.05,0.7470000000000002,366
data_@AthenaDelayComp_dammy_DO07_190514_ASV.mat,dammy,DO07,14-May-2019,16:15:26,42,45,1,0.05,0.8640000000000002,153
data_@AthenaDelayComp_dammy_DO07_190515_ASV.mat,dammy,DO07,15-May-2019,16:10:38,99,121,1,0.05,1.1631,324
data_@AthenaDelayComp_dammy_DO07_190516_ASV.mat,dammy,DO07,16-May-2019,16:00:37,60,55,1,0.05,1.3080000000000003,174
data_@AthenaDelayComp_dammy_DO07_190517_ASV.mat,dammy,DO07,17-May-2019,15:31:52,21,22,1,0.05,1.3750000000000002,90
data_@AthenaDelayComp_dammy_DO07_190520_ASV.mat,dammy,DO07,20-May-2019,17:47:44,85,71,1,0.05,1.6580000000000001,257
data_@AthenaDelayComp_dammy_DO08_190425_ASV.mat,dammy,DO08,25-Apr-2019,17:20:07,45,44,0,0.05,0.25,89
data_@AthenaDelayComp_dammy_DO08_190426_ASV.mat,dammy,DO08,26-Apr-2019,15:28:23,35,59,0,0.05,0.25,94
data_@AthenaDelayComp_dammy_DO08_190429_ASV.mat,dammy,DO08,29-Apr-2019,17:51:35,50,43,0,0.05,0.25,93
data_@AthenaDelayComp_dammy_DO08_190430_ASV.mat,dammy,DO08,30-Apr-2019,16:13:23,38,39,0,0.05,0.25,77
data_@AthenaDelayComp_dammy_DO08_190501_ASV.mat,dammy,DO08,01-May-2019,16:05:17,53,54,0,0.05,0.25,107
data_@AthenaDelayComp_dammy_DO08_190502_ASV.mat,dammy,DO08,02-May-2019,16:19:39,45,45,0,0.05,0.25,90
data_@AthenaDelayComp_dammy_DO08_190503_ASV.mat,dammy,DO08,03-May-2019,14:50:35,45,34,0,0.05,0.25,79
data_@AthenaDelayComp_dammy_DO08_190507_ASV.mat,dammy,DO08,07-May-2019,17:33:22,198,234,0,0.05,0.25,432
data_@AthenaDelayComp_dammy_DO08_190508_ASV.mat,dammy,DO08,08-May-2019,15:14:45,77,81,0,0.05,0.25,158
data_@AthenaDelayComp_dammy_DO08_190509_ASV.mat,dammy,DO08,09-May-2019,16:39:33,11,12,1,0.05,0.24900000000000017,85
data_@AthenaDelayComp_dammy_DO08_190510_ASV.mat,dammy,DO08,10-May-2019,15:11:53,78,78,1,0.05,0.4440000000000002,251
data_@AthenaDelayComp_dammy_DO08_190513_ASV.mat,dammy,DO08,13-May-2019,17:44:14,118,130,1,0.05,0.7500000000000002,426
data_@AthenaDelayComp_dammy_DO08_190514_ASV.mat,dammy,DO08,14-May-2019,16:15:44,75,78,1,0.05,0.9500000000000002,239
data_@AthenaDelayComp_dammy_DO08_190515_ASV.mat,dammy,DO08,15-May-2019,16:10:54,19,42,1,0.05,1.0310000000000001,93
data_@AthenaDelayComp_dammy_DO08_190516_ASV.mat,dammy,DO08,16-May-2019,16:00:44,77,81,1,0.05,1.2530000000000001,218
data_@AthenaDelayComp_dammy_DO08_190517_ASV.mat,dammy,DO08,17-May-2019,15:32:00,35,38,1,0.05,1.3530000000000002,113
data_@AthenaDelayComp_dammy_DO08_190520_ASV.mat,dammy,DO08,20-May-2019,17:47:54,71,61,1,0.05,1.5280000000000002,235
data_@AthenaDelayComp_experimenter_ratname_190226_ASV.mat,experimenter,ratname,26-Feb-2019,15:24:32,10,9,1,0.01,1.36,59
data_@AthenaDelayComp_experimenter_ratname_190301_ASV.mat,experimenter,ratname,01-Mar-2019,14:36:20,24,20,1,0.01,1.36,79
data_@AthenaDelayComp_sharbat_SC01_190425_ASV.mat,sharbat,SC01,25-Apr-2019,13:14:49,28,35,0,0.05,0.25,63
data_@AthenaDelayComp_sharbat_SC01_190426_ASV.mat,sharbat,SC01,26-Apr-2019,09:34:54,29,35,0,0.05,0.25,64
data_@AthenaDelayComp_sharbat_SC01_190429_ASV.mat,sharbat,SC01,29-Apr-2019,11:48:58,52,48,0,0.05,0.25,100
data_@AthenaDelayComp_sharbat_SC01_190430_ASV.mat,sharbat,SC01,30-Apr-2019,10:23:01,34,33,0,0.05,0.25,67
data_@AthenaDelayComp_sharbat_SC01_190501_ASV.mat,sharbat,SC01,01-May-2019,10:21:00,40,43,0,0.05,0.25,83
data_@AthenaDelayComp_sharbat_SC01_190502_ASV.mat,sharbat,SC01,02-May-2019,10:29:20,40,43,0,0.05,0.25,83
data_@AthenaDelayComp_sharbat_SC01_190503_ASV.mat,sharbat,SC01,03-May-2019,09:03:30,32,37,0,0.05,0.25,69
data_@AthenaDelayComp_sharbat_SC01_190507_ASV.mat,sharbat,SC01,07-May-2019,11:52:26,148,138,0,0.05,0.25,286
data_@AthenaDelayComp_sharbat_SC01_190508_ASV.mat,sharbat,SC01,08-May-2019,10:17:46,146,120,0,0.05,0.25,266
data_@AthenaDelayComp_sharbat_SC01_190509_ASV.mat,sharbat,SC01,09-May-2019,10:34:20,7,6,1,0.05,0.23400000000000015,88
data_@AthenaDelayComp_sharbat_SC01_190510_ASV.mat,sharbat,SC01,10-May-2019,09:18:51,37,63,1,0.05,0.36300000000000016,170
data_@AthenaDelayComp_sharbat_SC01_190513_ASV.mat,sharbat,SC01,13-May-2019,11:56:30,100,121,1,0.05,0.6450000000000001,333
data_@AthenaDelayComp_sharbat_SC01_190514_ASV.mat,sharbat,SC01,14-May-2019,10:29:19,73,63,1,0.05,0.8120000000000002,192
data_@AthenaDelayComp_sharbat_SC01_190515_ASV.mat,sharbat,SC01,15-May-2019,10:27:21,52,60,1,0.05,0.9640000000000002,179
data_@AthenaDelayComp_sharbat_SC01_190516_ASV.mat,sharbat,SC01,16-May-2019,10:11:49,53,55,1,0.05,1.1038000000000001,161
data_@AthenaDelayComp_sharbat_SC01_190517_ASV.mat,sharbat,SC01,17-May-2019,09:41:32,55,61,1,0.05,1.2670000000000001,176
data_@AthenaDelayComp_sharbat_SC01_190520_ASV.mat,sharbat,SC01,20-May-2019,12:06:09,80,71,1,0.05,1.457,230
data_@AthenaDelayComp_sharbat_SC02_190425_ASV.mat,sharbat,SC02,25-Apr-2019,12:14:44,28,30,0,0.05,0.25,58
data_@AthenaDelayComp_sharbat_SC02_190426_ASV.mat,sharbat,SC02,26-Apr-2019,09:34:50,43,47,0,0.05,0.25,90
data_@AthenaDelayComp_sharbat_SC02_190429_ASV.mat,sharbat,SC02,29-Apr-2019,11:48:53,49,33,0,0.05,0.25,82
data_@AthenaDelayComp_sharbat_SC02_190430_ASV.mat,sharbat,SC02,30-Apr-2019,10:22:53,33,43,0,0.05,0.25,76
data_@AthenaDelayComp_sharbat_SC02_190501_ASV.mat,sharbat,SC02,01-May-2019,10:20:52,41,51,0,0.05,0.25,92
data_@AthenaDelayComp_sharbat_SC02_190502_ASV.mat,sharbat,SC02,02-May-2019,10:29:34,43,36,0,0.05,0.25,79
data_@AthenaDelayComp_sharbat_SC02_190503_ASV.mat,sharbat,SC02,03-May-2019,09:03:45,31,28,0,0.05,0.25,59
data_@AthenaDelayComp_sharbat_SC02_190507_ASV.mat,sharbat,SC02,07-May-2019,11:52:31,177,172,0,0.05,0.25,349
data_@AthenaDelayComp_sharbat_SC02_190508_ASV.mat,sharbat,SC02,08-May-2019,10:17:51,116,99,0,0.05,0.25,215
data_@AthenaDelayComp_sharbat_SC02_190509_ASV.mat,sharbat,SC02,09-May-2019,10:34:24,4,6,1,0.05,0.24200000000000016,66
data_@AthenaDelayComp_sharbat_SC02_190510_ASV.mat,sharbat,SC02,10-May-2019,09:18:55,12,9,1,0.05,0.27800000000000014,70
data_@AthenaDelayComp_sharbat_SC02_190513_ASV.mat,sharbat,SC02,13-May-2019,11:56:34,49,41,1,0.05,0.3830000000000001,165
data_@AthenaDelayComp_sharbat_SC02_190514_ASV.mat,sharbat,SC02,14-May-2019,10:29:22,48,50,1,0.05,0.5170000000000001,217
data_@AthenaDelayComp_sharbat_SC02_190515_ASV.mat,sharbat,SC02,15-May-2019,10:27:27,84,69,1,0.05,0.7090000000000002,278
data_@AthenaDelayComp_sharbat_SC02_190516_ASV.mat,sharbat,SC02,16-May-2019,10:11:54,71,61,1,0.05,0.8900000000000001,195
data_@AthenaDelayComp_sharbat_SC02_190517_ASV.mat,sharbat,SC02,17-May-2019,09:41:43,41,49,1,0.05,1.0090000000000001,171
data_@AthenaDelayComp_sharbat_SC02_190520_ASV.mat,sharbat,SC02,20-May-2019,12:06:22,74,70,1,0.05,1.213,253
data_@AthenaDelayComp_sharbat_SC03_190425_ASV.mat,sharbat,SC03,25-Apr-2019,15:02:37,25,22,0,0.05,0.25,47
data_@AthenaDelayComp_sharbat_SC03_190426_ASV.mat,sharbat,SC03,26-Apr-2019,12:29:06,30,27,0,0.05,0.25,57
data_@AthenaDelayComp_sharbat_SC03_190429_ASV.mat,sharbat,SC03,29-Apr-2019,14:45:12,42,39,0,0.05,0.25,81
data_@AthenaDelayComp_sharbat_SC03_190430_ASV.mat,sharbat,SC03,30-Apr-2019,13:15:06,40,40,0,0.05,0.25,80
data_@AthenaDelayComp_sharbat_SC03_190501_ASV.mat,sharbat,SC03,01-May-2019,13:09:33,48,54,0,0.05,0.25,102
data_@AthenaDelayComp_sharbat_SC03_190502_ASV.mat,sharbat,SC03,02-May-2019,13:21:02,59,51,0,0.05,0.25,110
data_@AthenaDelayComp_sharbat_SC03_190503_ASV.mat,sharbat,SC03,03-May-2019,11:55:24,35,37,0,0.05,0.25,72
data_@AthenaDelayComp_sharbat_SC03_190507_ASV.mat,sharbat,SC03,07-May-2019,14:42:07,236,209,0,0.05,0.25,445
data_@AthenaDelayComp_sharbat_SC03_190508_ASV.mat,sharbat,SC03,08-May-2019,13:22:24,149,147,0,0.05,0.25,296
data_@AthenaDelayComp_sharbat_SC03_190509_ASV.mat,sharbat,SC03,09-May-2019,13:42:19,2,5,1,0.05,0.23400000000000015,54
data_@AthenaDelayComp_sharbat_SC03_190510_ASV.mat,sharbat,SC03,10-May-2019,12:13:12,1,1,1,0.05,0.25600000000000017,34
data_@AthenaDelayComp_sharbat_SC03_190513_ASV.mat,sharbat,SC03,13-May-2019,14:46:18,8,18,1,0.05,0.29600000000000015,80
data_@AthenaDelayComp_sharbat_SC03_190514_ASV.mat,sharbat,SC03,14-May-2019,13:20:04,87,101,1,0.05,0.5270000000000001,314
data_@AthenaDelayComp_sharbat_SC03_190515_ASV.mat,sharbat,SC03,15-May-2019,13:16:16,114,103,1,0.05,0.8170000000000002,348
data_@AthenaDelayComp_sharbat_SC03_190516_ASV.mat,sharbat,SC03,16-May-2019,13:02:04,72,86,1,0.05,1.016,240
data_@AthenaDelayComp_sharbat_SC03_190517_ASV.mat,sharbat,SC03,17-May-2019,12:32:20,28,43,1,0.05,1.1115000000000002,124
data_@AthenaDelayComp_sharbat_SC03_190520_ASV.mat,sharbat,SC03,20-May-2019,14:53:10,75,77,1,0.05,1.3190000000000002,234
data_@AthenaDelayComp_sharbat_sc04_190425_ASV.mat,sharbat,sc04,25-Apr-2019,15:02:12,42,39,0,0.05,0.25,81
data_@AthenaDelayComp_sharbat_sc04_190426_ASV.mat,sharbat,sc04,26-Apr-2019,12:29:11,37,44,0,0.05,0.25,81
data_@AthenaDelayComp_sharbat_sc04_190429_ASV.mat,sharbat,sc04,29-Apr-2019,14:45:12,49,55,0,0.05,0.25,104
data_@AthenaDelayComp_sharbat_sc04_190430_ASV.mat,sharbat,sc04,30-Apr-2019,13:15:06,66,70,0,0.05,0.25,136
data_@AthenaDelayComp_sharbat_sc04_190501_ASV.mat,sharbat,sc04,01-May-2019,13:09:17,65,77,0,0.05,0.25,142
data_@AthenaDelayComp_sharbat_sc04_190502_ASV.mat,sharbat,sc04,02-May-2019,13:21:02,70,55,0,0.05,0.25,125
data_@AthenaDelayComp_sharbat_sc04_190503_ASV.mat,sharbat,sc04,03-May-2019,11:55:46,46,48,0,0.05,0.25,94
data_@AthenaDelayComp_sharbat_sc04_190507_ASV.mat,sharbat,sc04,07-May-2019,14:42:26,186,203,0,0.05,0.25,389
data_@AthenaDelayComp_sharbat_sc04_190508_ASV.mat,sharbat,sc04,08-May-2019,13:22:43,177,199,0,0.05,0.25,376
data_@AthenaDelayComp_sharbat_sc04_190509_ASV.mat,sharbat,sc04,09-May-2019,13:36:52,176,172,0,0.05,0.25,348
data_@AthenaDelayComp_sharbat_SC04_190510_ASV.mat,sharbat,SC04,10-May-2019,12:13:42,9,8,1,0.05,0.24100000000000016,71
data_@AthenaDelayComp_sharbat_SC04_190513_ASV.mat,sharbat,SC04,13-May-2019,14:46:30,1,2,1,0.05,0.2610000000000001,38
data_@AthenaDelayComp_sharbat_SC04_190514_ASV.mat,sharbat,SC04,14-May-2019,13:20:28,71,66,1,0.05,0.3870000000000001,270
data_@AthenaDelayComp_sharbat_SC04_190515_ASV.mat,sharbat,SC04,15-May-2019,13:16:42,98,126,1,0.05,0.6690000000000002,387
data_@AthenaDelayComp_sharbat_SC04_190516_ASV.mat,sharbat,SC04,16-May-2019,13:02:36,65,69,1,0.05,0.8520000000000002,246
data_@AthenaDelayComp_sharbat_SC04_190517_ASV.mat,sharbat,SC04,17-May-2019,12:32:31,64,70,1,0.05,1.0250000000000001,203
data_@AthenaDelayComp_sharbat_SC04_190520_ASV.mat,sharbat,SC04,20-May-2019,14:53:39,113,101,1,0.05,1.3060000000000003,316
data_@AthenaDelayComp_sharbat_SC05_190425_ASV.mat,sharbat,SC05,25-Apr-2019,16:09:02,35,41,0,0.05,0.25,76
data_@AthenaDelayComp_sharbat_SC05_190426_ASV.mat,sharbat,SC05,26-Apr-2019,13:59:44,32,36,0,0.05,0.25,68
data_@AthenaDelayComp_sharbat_SC05_190429_ASV.mat,sharbat,SC05,29-Apr-2019,16:15:26,35,52,0,0.05,0.25,87
data_@AthenaDelayComp_sharbat_SC05_190430_ASV.mat,sharbat,SC05,30-Apr-2019,14:44:18,48,36,0,0.05,0.25,84
data_@AthenaDelayComp_sharbat_SC05_190501_ASV.mat,sharbat,SC05,01-May-2019,14:37:36,52,47,0,0.05,0.25,99
data_@AthenaDelayComp_sharbat_SC05_190502_ASV.mat,sharbat,SC05,02-May-2019,14:50:43,58,65,0,0.05,0.25,123
data_@AthenaDelayComp_sharbat_SC05_190503_ASV.mat,sharbat,SC05,03-May-2019,13:24:59,37,42,0,0.05,0.25,79
data_@AthenaDelayComp_sharbat_SC05_190507_ASV.mat,sharbat,SC05,07-May-2019,16:08:39,233,223,0,0.05,0.25,456
data_@AthenaDelayComp_sharbat_SC05_190508_ASV.mat,sharbat,SC05,08-May-2019,14:50:47,162,164,0,0.05,0.25,326
data_@AthenaDelayComp_sharbat_SC05_190509_ASV.mat,sharbat,SC05,09-May-2019,15:12:24,6,6,1,0.05,0.23900000000000016,73
data_@AthenaDelayComp_sharbat_SC05_190510_ASV.mat,sharbat,SC05,10-May-2019,13:45:02,1,1,1,0.05,0.2620000000000001,32
data_@AthenaDelayComp_sharbat_SC05_190510a.mat,sharbat,SC05,10-May-2019,13:45:08,1,1,1,0.05,0.2620000000000001,32
data_@AthenaDelayComp_sharbat_SC05_190513_ASV.mat,sharbat,SC05,13-May-2019,16:17:00,0,0,1,0.05,0.27900000000000014,32
data_@AthenaDelayComp_sharbat_SC05_190514_ASV.mat,sharbat,SC05,14-May-2019,14:48:11,0,0,1,0.05,0.30000000000000016,26
data_@AthenaDelayComp_sharbat_SC05_190515_ASV.mat,sharbat,SC05,15-May-2019,14:44:04,0,0,1,0.05,0.3230000000000002,26
data_@AthenaDelayComp_sharbat_SC05_190516_ASV.mat,sharbat,SC05,16-May-2019,14:30:54,0,0,1,0.05,0.34400000000000014,25
data_@AthenaDelayComp_sharbat_SC05_190517_ASV.mat,sharbat,SC05,17-May-2019,14:03:21,0,0,1,0.05,0.36400000000000016,21
data_@AthenaDelayComp_sharbat_SC05_190520_ASV.mat,sharbat,SC05,20-May-2019,16:21:57,0,0,1,0.05,0.3870000000000001,28
data_@AthenaDelayComp_sharbat_SC06_190425_ASV.mat,sharbat,SC06,25-Apr-2019,16:09:33,39,45,0,0.05,0.25,84
data_@AthenaDelayComp_sharbat_SC06_190426_ASV.mat,sharbat,SC06,26-Apr-2019,14:00:12,50,39,0,0.05,0.25,89
data_@AthenaDelayComp_athena_AA01_190521_ASV.mat,athena,AA01,21-May-2019,10:16:07,3,1,1,0.05,0.40800000000000014,40
data_@AthenaDelayComp_athena_AA02_190521_ASV.mat,athena,AA02,21-May-2019,10:16:35,70,55,1,0.05,2.8890000000000002,279
data_@AthenaDelayComp_athena_AA03_190521_ASV.mat,athena,AA03,21-May-2019,11:43:36,0,0,1,0.05,0.39800000000000013,39
data_@AthenaDelayComp_athena_AA04_190521_ASV.mat,athena,AA04,21-May-2019,11:43:47,45,50,1,0.05,2.076,185
data_@AthenaDelayComp_athena_AA05_190521_ASV.mat,athena,AA05,21-May-2019,13:11:39,0,0,1,0.05,0.39700000000000013,26
data_@AthenaDelayComp_athena_AA06_190521_ASV.mat,athena,AA06,21-May-2019,13:11:55,69,53,1,0.05,1.7620000000000002,244
data_@AthenaDelayComp_athena_AA07_190521_ASV.mat,athena,AA07,21-May-2019,16:01:44,22,31,1,0.05,1.4200000000000002,101
data_@AthenaDelayComp_athena_AA08_190521_ASV.mat,athena,AA08,21-May-2019,16:02:10,58,49,1,0.05,2.27,168
data_@AthenaDelayComp_dammy_DO01_190521_ASV.mat,dammy,DO01,21-May-2019,10:17:50,77,93,1,0.05,0.9300000000000002,285
data_@AthenaDelayComp_dammy_DO02_190521_ASV.mat,dammy,DO02,21-May-2019,10:18:01,74,91,1,0.05,1.9880000000000002,229
data_@AthenaDelayComp_dammy_DO03_190521_ASV.mat,dammy,DO03,21-May-2019,11:44:55,1,0,1,0.05,0.40900000000000014,34
data_@AthenaDelayComp_dammy_DO04_190521_ASV.mat,dammy,DO04,21-May-2019,11:45:08,55,46,1,0.05,1.4330000000000003,161
data_@AthenaDelayComp_dammy_DO05_190521_ASV.mat,dammy,DO05,21-May-2019,14:34:37,67,60,1,0.05,2.438,234
data_@AthenaDelayComp_dammy_DO06_190521_ASV.mat,dammy,DO06,21-May-2019,14:35:08,81,77,1,0.05,1.3830000000000002,268
data_@AthenaDelayComp_dammy_DO07_190521_ASV.mat,dammy,DO07,21-May-2019,16:03:53,31,24,1,0.05,1.826,110
data_@AthenaDelayComp_dammy_DO08_190521_ASV.mat,dammy,DO08,21-May-2019,16:04:08,64,58,1,0.05,1.832,185
data_@AthenaDelayComp_sharbat_SC01_190521_ASV.mat,sharbat,SC01,21-May-2019,10:18:57,65,77,1,0.05,1.7840000000000003,213
data_@AthenaDelayComp_sharbat_SC02_190521_ASV.mat,sharbat,SC02,21-May-2019,10:19:12,35,41,1,0.05,1.3170000000000002,138
data_@AthenaDelayComp_sharbat_SC03_190521_ASV.mat,sharbat,SC03,21-May-2019,13:08:21,64,66,1,0.05,1.4880000000000002,208
data_@AthenaDelayComp_sharbat_SC04_190521_ASV.mat,sharbat,SC04,21-May-2019,13:08:47,72,73,1,0.05,1.499,240
data_@AthenaDelayComp_sharbat_SC05_190521_ASV.mat,sharbat,SC05,21-May-2019,14:36:26,0,0,1,0.05,0.40900000000000014,25
data_@AthenaDelayComp_sharbat_SC06_190429_ASV.mat,sharbat,SC06,29-Apr-2019,16:15:57,36,45,0,0.05,0.25,81
data_@AthenaDelayComp_sharbat_SC06_190430_ASV.mat,sharbat,SC06,30-Apr-2019,14:44:46,45,62,0,0.05,0.25,107
data_@AthenaDelayComp_sharbat_SC06_190501_ASV.mat,sharbat,SC06,01-May-2019,14:38:07,59,62,0,0.05,0.25,121
data_@AthenaDelayComp_sharbat_SC06_190502_ASV.mat,sharbat,SC06,02-May-2019,14:50:48,60,51,0,0.05,0.25,111
data_@AthenaDelayComp_sharbat_SC06_190503_ASV.mat,sharbat,SC06,03-May-2019,13:25:03,66,52,0,0.05,0.25,118
data_@AthenaDelayComp_sharbat_SC06_190507_ASV.mat,sharbat,SC06,07-May-2019,16:08:46,240,257,0,0.05,0.25,497
data_@AthenaDelayComp_sharbat_SC06_190508_ASV.mat,sharbat,SC06,08-May-2019,14:50:42,176,208,0,0.05,0.25,384
data_@AthenaDelayComp_sharbat_SC06_190509_ASV.mat,sharbat,SC06,09-May-2019,15:12:29,20,21,1,0.05,0.2620000000000001,129
data_@AthenaDelayComp_sharbat_SC06_190510_ASV.mat,sharbat,SC06,10-May-2019,13:45:15,102,107,1,0.05,0.5280000000000001,399
data_@AthenaDelayComp_sharbat_SC06_190513_ASV.mat,sharbat,SC06,13-May-2019,16:17:14,112,112,1,0.05,0.7990000000000002,447
data_@AthenaDelayComp_sharbat_SC06_190514_ASV.mat,sharbat,SC06,14-May-2019,14:48:18,85,97,1,0.05,1.034,346
data_@AthenaDelayComp_sharbat_SC06_190515_ASV.mat,sharbat,SC06,15-May-2019,14:44:15,123,114,1,0.05,1.334,349
data_@AthenaDelayComp_sharbat_SC06_190516_ASV.mat,sharbat,SC06,16-May-2019,14:31:07,117,115,1,0.05,1.7460000000000002,332
data_@AthenaDelayComp_sharbat_SC06_190517_ASV.mat,sharbat,SC06,17-May-2019,14:03:30,55,67,1,0.05,2.0540000000000003,202
data_@AthenaDelayComp_sharbat_SC06_190520_ASV.mat,sharbat,SC06,20-May-2019,16:22:07,58,59,1,0.05,2.33,225
data_@AthenaDelayComp_sharbat_SC06_190521_ASV.mat,sharbat,SC06,21-May-2019,14:36:35,52,54,1,0.05,2.64,228
data_@AthenaDelayComp_viktor_VP01_190425_ASV.mat,viktor,VP01,25-Apr-2019,13:28:31,55,57,0,0.05,0.25,112
data_@AthenaDelayComp_viktor_VP01_190426_ASV.mat,viktor,VP01,26-Apr-2019,11:00:07,63,57,0,0.05,0.25,120
data_@AthenaDelayComp_viktor_VP01_190429_ASV.mat,viktor,VP01,29-Apr-2019,13:17:24,70,57,0,0.05,0.25,127
data_@AthenaDelayComp_viktor_VP01_190430_ASV.mat,viktor,VP01,30-Apr-2019,11:48:51,68,50,0,0.05,0.25,118
data_@AthenaDelayComp_viktor_VP01_190501_ASV.mat,viktor,VP01,01-May-2019,11:44:09,52,66,0,0.05,0.25,118
data_@AthenaDelayComp_viktor_VP01_190502_ASV.mat,viktor,VP01,02-May-2019,11:53:21,45,51,0,0.05,0.25,96
data_@AthenaDelayComp_viktor_VP01_190503_ASV.mat,viktor,VP01,03-May-2019,10:29:09,32,64,0,0.05,0.25,96
data_@AthenaDelayComp_viktor_VP01_190507_ASV.mat,viktor,VP01,07-May-2019,13:16:58,222,231,0,0.05,0.25,453
data_@AthenaDelayComp_viktor_VP01_190508_ASV.mat,viktor,VP01,08-May-2019,11:43:15,167,129,0,0.05,0.25,296
data_@AthenaDelayComp_viktor_VP01_190509_ASV.mat,viktor,VP01,09-May-2019,12:14:55,6,5,1,0.05,0.23400000000000015,54
data_@AthenaDelayComp_viktor_VP01_190510_ASV.mat,viktor,VP01,10-May-2019,10:46:36,0,2,1,0.05,0.2580000000000002,38
data_@AthenaDelayComp_viktor_VP01_190513_ASV.mat,viktor,VP01,13-May-2019,13:18:40,0,0,1,0.05,0.27900000000000014,28
data_@AthenaDelayComp_viktor_VP01_190514_ASV.mat,viktor,VP01,14-May-2019,11:53:47,1,0,1,0.05,0.30000000000000016,32
data_@AthenaDelayComp_viktor_VP01_190515_ASV.mat,viktor,VP01,15-May-2019,11:50:10,0,1,1,0.05,0.3230000000000002,31
data_@AthenaDelayComp_viktor_VP01_190516_ASV.mat,viktor,VP01,16-May-2019,11:35:06,0,1,1,0.05,0.34300000000000014,31
data_@AthenaDelayComp_viktor_VP01_190517_ASV.mat,viktor,VP01,17-May-2019,11:04:05,1,0,1,0.05,0.36500000000000016,29
data_@AthenaDelayComp_viktor_VP01_190520_ASV.mat,viktor,VP01,20-May-2019,13:28:08,0,0,1,0.05,0.3850000000000001,32
data_@AthenaDelayComp_viktor_VP01_190521_ASV.mat,viktor,VP01,21-May-2019,11:41:29,0,0,1,0.05,0.40500000000000014,30
data_@AthenaDelayComp_viktor_VP02_190425_ASV.mat,viktor,VP02,25-Apr-2019,13:28:33,44,32,0,0.05,0.25,76
data_@AthenaDelayComp_viktor_VP02_190426_ASV.mat,viktor,VP02,26-Apr-2019,11:00:11,41,36,0,0.05,0.25,77
data_@AthenaDelayComp_viktor_VP02_190429_ASV.mat,viktor,VP02,29-Apr-2019,13:17:25,41,47,0,0.05,0.25,88
data_@AthenaDelayComp_viktor_VP02_190430_ASV.mat,viktor,VP02,30-Apr-2019,11:48:51,41,45,0,0.05,0.25,86
data_@AthenaDelayComp_viktor_VP02_190501_ASV.mat,viktor,VP02,01-May-2019,11:44:10,53,53,0,0.05,0.25,106
data_@AthenaDelayComp_viktor_VP02_190502_ASV.mat,viktor,VP02,02-May-2019,11:53:20,42,49,0,0.05,0.25,91
data_@AthenaDelayComp_viktor_VP02_190503_ASV.mat,viktor,VP02,03-May-2019,10:29:29,43,59,0,0.05,0.25,102
data_@AthenaDelayComp_viktor_VP02_190507_ASV.mat,viktor,VP02,07-May-2019,13:17:18,180,179,0,0.05,0.25,359
data_@AthenaDelayComp_viktor_VP02_190508_ASV.mat,viktor,VP02,08-May-2019,11:43:35,144,135,0,0.05,0.25,279
data_@AthenaDelayComp_viktor_VP02_190509_ASV.mat,viktor,VP02,09-May-2019,12:15:14,3,4,1,0.05,0.23900000000000016,51
data_@AthenaDelayComp_viktor_VP02_190510_ASV.mat,viktor,VP02,10-May-2019,10:47:03,0,0,1,0.05,0.2600000000000001,28
data_@AthenaDelayComp_viktor_VP02_190513_ASV.mat,viktor,VP02,13-May-2019,13:19:05,0,0,1,0.05,0.28100000000000014,32
data_@AthenaDelayComp_viktor_VP02_190514_ASV.mat,viktor,VP02,14-May-2019,11:54:54,0,0,1,0.05,0.30300000000000016,27
data_@AthenaDelayComp_viktor_VP02_190515_ASV.mat,viktor,VP02,15-May-2019,11:50:36,0,2,1,0.05,0.3250000000000002,25
data_@AthenaDelayComp_viktor_VP02_190516_ASV.mat,viktor,VP02,16-May-2019,11:36:04,1,2,1,0.05,0.34500000000000014,32
data_@AthenaDelayComp_viktor_VP02_190517_ASV.mat,viktor,VP02,17-May-2019,11:05:06,2,5,1,0.05,0.36700000000000016,62
data_@AthenaDelayComp_viktor_VP02_190520_ASV.mat,viktor,VP02,20-May-2019,13:28:35,63,62,1,0.05,0.5310000000000001,330
data_@AthenaDelayComp_viktor_VP02_190521_ASV.mat,viktor,VP02,21-May-2019,11:41:56,123,129,1,0.05,0.8400000000000002,404
data_@AthenaDelayComp_viktor_VP03_190425_ASV.mat,viktor,VP03,25-Apr-2019,14:53:56,34,24,0,0.05,0.25,58
data_@AthenaDelayComp_viktor_VP03_190429_ASV.mat,viktor,VP03,29-Apr-2019,14:46:28,41,42,0,0.05,0.25,83
data_@AthenaDelayComp_viktor_VP03_190430_ASV.mat,viktor,VP03,30-Apr-2019,13:16:28,50,32,0,0.05,0.25,82
data_@AthenaDelayComp_viktor_VP03_190501_ASV.mat,viktor,VP03,01-May-2019,13:10:35,36,27,0,0.05,0.25,63
data_@AthenaDelayComp_viktor_VP03_190502_ASV.mat,viktor,VP03,02-May-2019,13:22:34,50,49,0,0.05,0.25,99
data_@AthenaDelayComp_viktor_VP03_190503_ASV.mat,viktor,VP03,03-May-2019,11:57:13,48,42,0,0.05,0.25,90
data_@AthenaDelayComp_viktor_VP03_190507_ASV.mat,viktor,VP03,07-May-2019,14:43:12,176,205,0,0.05,0.25,381
data_@AthenaDelayComp_viktor_VP03_190508_ASV.mat,viktor,VP03,08-May-2019,13:24:03,165,172,0,0.05,0.25,337
data_@AthenaDelayComp_viktor_VP03_190509_ASV.mat,viktor,VP03,09-May-2019,13:43:33,14,12,1,0.05,0.24900000000000017,110
data_@AthenaDelayComp_viktor_VP03_190510_ASV.mat,viktor,VP03,10-May-2019,12:16:05,33,38,1,0.05,0.3370000000000002,198
data_@AthenaDelayComp_viktor_VP03_190513_ASV.mat,viktor,VP03,13-May-2019,14:48:42,114,103,1,0.05,0.6120000000000001,354
data_@AthenaDelayComp_viktor_VP03_190514_ASV.mat,viktor,VP03,14-May-2019,13:21:32,89,95,1,0.05,0.8410000000000002,292
data_@AthenaDelayComp_viktor_VP03_190515_ASV.mat,viktor,VP03,15-May-2019,13:18:10,93,94,1,0.05,1.0675000000000001,310
data_@AthenaDelayComp_viktor_VP03_190516_ASV.mat,viktor,VP03,16-May-2019,13:04:16,62,62,1,0.05,1.2360000000000002,212
data_@AthenaDelayComp_viktor_VP03_190517_ASV.mat,viktor,VP03,17-May-2019,12:33:39,56,45,1,0.05,1.372,183
data_@AthenaDelayComp_viktor_VP03_190520_ASV.mat,viktor,VP03,20-May-2019,14:55:07,64,85,1,0.05,1.61,226
data_@AthenaDelayComp_viktor_VP03_190521_ASV.mat,viktor,VP03,21-May-2019,13:10:07,57,77,1,0.05,1.9520000000000002,217
data_@AthenaDelayComp_viktor_VP04_190425_ASV.mat,viktor,VP04,25-Apr-2019,14:54:27,40,37,0,0.05,0.25,77
data_@AthenaDelayComp_viktor_VP04_190426_ASV.mat,viktor,VP04,26-Apr-2019,12:31:08,35,27,0,0.05,0.25,62
data_@AthenaDelayComp_viktor_VP04_190429_ASV.mat,viktor,VP04,29-Apr-2019,14:47:00,58,54,0,0.05,0.25,112
data_@AthenaDelayComp_viktor_VP04_190430_ASV.mat,viktor,VP04,30-Apr-2019,13:16:57,43,50,0,0.05,0.25,93
data_@AthenaDelayComp_viktor_VP04_190501_ASV.mat,viktor,VP04,01-May-2019,13:11:04,36,19,0,0.05,0.25,55
data_@AthenaDelayComp_viktor_VP04_190502_ASV.mat,viktor,VP04,02-May-2019,13:22:41,38,58,0,0.05,0.25,96
data_@AthenaDelayComp_viktor_VP04_190503_ASV.mat,viktor,VP04,03-May-2019,11:57:18,28,28,0,0.05,0.25,56
data_@AthenaDelayComp_viktor_VP04_190507_ASV.mat,viktor,VP04,07-May-2019,14:43:21,140,139,0,0.05,0.25,279
data_@AthenaDelayComp_viktor_VP04_190508_ASV.mat,viktor,VP04,08-May-2019,13:24:10,108,107,0,0.05,0.25,215
data_@AthenaDelayComp_viktor_VP04_190509_ASV.mat,viktor,VP04,09-May-2019,13:43:39,32,25,1,0.05,0.28800000000000014,131
data_@AthenaDelayComp_viktor_VP04_190510_ASV.mat,viktor,VP04,10-May-2019,12:16:12,57,65,1,0.05,0.44000000000000017,215
data_@AthenaDelayComp_viktor_VP04_190513_ASV.mat,viktor,VP04,13-May-2019,14:48:51,90,86,1,0.05,0.6620000000000001,260
data_@AthenaDelayComp_viktor_VP04_190514_ASV.mat,viktor,VP04,14-May-2019,13:21:39,43,46,1,0.05,0.7870000000000001,160
data_@AthenaDelayComp_viktor_VP04_190515_ASV.mat,viktor,VP04,15-May-2019,13:18:25,75,63,1,0.05,0.9760000000000002,245
data_@AthenaDelayComp_viktor_VP04_190516_ASV.mat,viktor,VP04,16-May-2019,13:04:26,64,53,1,0.05,1.1335000000000002,185
data_@AthenaDelayComp_viktor_VP04_190517_ASV.mat,viktor,VP04,17-May-2019,12:33:47,47,49,1,0.05,1.2690000000000001,204
data_@AthenaDelayComp_viktor_VP04_190520_ASV.mat,viktor,VP04,20-May-2019,14:55:16,58,74,1,0.05,1.4350000000000003,234
data_@AthenaDelayComp_viktor_VP04_190521_ASV.mat,viktor,VP04,21-May-2019,13:10:15,35,46,1,0.05,1.588,140
data_@AthenaDelayComp_viktor_VP05_190425_ASV.mat,viktor,VP05,25-Apr-2019,17:11:14,36,45,0,0.05,0.25,81
data_@AthenaDelayComp_viktor_VP05_190426_ASV.mat,viktor,VP05,26-Apr-2019,14:01:41,56,48,0,0.05,0.25,104
data_@AthenaDelayComp_viktor_VP05_190430_ASV.mat,viktor,VP05,30-Apr-2019,14:46:29,45,38,0,0.05,0.25,83
data_@AthenaDelayComp_viktor_VP05_190501_ASV.mat,viktor,VP05,01-May-2019,14:39:52,42,51,0,0.05,0.25,93
data_@AthenaDelayComp_viktor_VP05_190502_ASV.mat,viktor,VP05,02-May-2019,14:52:37,53,46,0,0.05,0.25,99
data_@AthenaDelayComp_viktor_VP05_190503_ASV.mat,viktor,VP05,03-May-2019,13:25:57,48,38,0,0.05,0.25,86
data_@AthenaDelayComp_viktor_VP05_190507_ASV.mat,viktor,VP05,07-May-2019,16:09:36,179,154,0,0.05,0.25,333
data_@AthenaDelayComp_viktor_VP05_190508_ASV.mat,viktor,VP05,08-May-2019,14:51:54,118,122,0,0.05,0.25,240
data_@AthenaDelayComp_viktor_VP05_190509_ASV.mat,viktor,VP05,09-May-2019,15:15:00,5,3,1,0.05,0.23600000000000015,57
data_@AthenaDelayComp_viktor_VP05_190510_ASV.mat,viktor,VP05,10-May-2019,13:46:20,1,1,1,0.05,0.2590000000000001,32
data_@AthenaDelayComp_viktor_VP05_190513_ASV.mat,viktor,VP05,13-May-2019,16:18:52,1,0,1,0.05,0.28000000000000014,30
data_@AthenaDelayComp_viktor_VP05_190514_ASV.mat,viktor,VP05,14-May-2019,14:50:00,0,0,1,0.05,0.30300000000000016,25
data_@AthenaDelayComp_viktor_VP05_190515_ASV.mat,viktor,VP05,15-May-2019,14:45:36,0,0,1,0.05,0.3270000000000002,24
data_@AthenaDelayComp_viktor_VP05_190516_ASV.mat,viktor,VP05,16-May-2019,14:32:34,1,0,1,0.05,0.35000000000000014,32
data_@AthenaDelayComp_viktor_VP05_190517_ASV.mat,viktor,VP05,17-May-2019,14:04:16,0,1,1,0.05,0.3720000000000001,31
data_@AthenaDelayComp_viktor_VP05_190520_ASV.mat,viktor,VP05,20-May-2019,16:23:17,0,1,1,0.05,0.39600000000000013,25
data_@AthenaDelayComp_viktor_VP05_190521_ASV.mat,viktor,VP05,21-May-2019,14:37:41,0,0,1,0.05,0.41900000000000015,24
data_@AthenaDelayComp_viktor_VP06_190425_ASV.mat,viktor,VP06,25-Apr-2019,16:11:09,86,53,0,0.05,0.25,139
data_@AthenaDelayComp_viktor_VP06_190426_ASV.mat,viktor,VP06,26-Apr-2019,14:01:38,40,49,0,0.05,0.25,89
data_@AthenaDelayComp_viktor_VP06_190429_ASV.mat,viktor,VP06,29-Apr-2019,16:18:01,48,48,0,0.05,0.25,96
data_@AthenaDelayComp_viktor_VP06_190430_ASV.mat,viktor,VP06,30-Apr-2019,14:46:21,58,43,0,0.05,0.25,101
data_@AthenaDelayComp_viktor_VP06_190501_ASV.mat,viktor,VP06,01-May-2019,14:39:45,68,60,0,0.05,0.25,128
data_@AthenaDelayComp_viktor_VP06_190502_ASV.mat,viktor,VP06,02-May-2019,14:52:42,57,43,0,0.05,0.25,100
data_@AthenaDelayComp_viktor_VP06_190503_ASV.mat,viktor,VP06,03-May-2019,13:26:00,55,50,0,0.05,0.25,105
data_@AthenaDelayComp_viktor_VP06_190507_ASV.mat,viktor,VP06,07-May-2019,16:09:30,215,222,0,0.05,0.25,437
data_@AthenaDelayComp_viktor_VP06_190508_ASV.mat,viktor,VP06,08-May-2019,14:51:59,153,163,0,0.05,0.25,316
data_@AthenaDelayComp_viktor_VP06_190509_ASV.mat,viktor,VP06,09-May-2019,15:15:04,5,4,1,0.05,0.24400000000000016,70
data_@AthenaDelayComp_viktor_VP06_190510_ASV.mat,viktor,VP06,10-May-2019,13:46:23,48,40,1,0.05,0.35200000000000015,192
data_@AthenaDelayComp_viktor_VP06_190513_ASV.mat,viktor,VP06,13-May-2019,16:18:48,137,142,1,0.05,0.7120000000000002,451
data_@AthenaDelayComp_viktor_VP06_190514_ASV.mat,viktor,VP06,14-May-2019,14:50:05,98,123,1,0.05,0.9930000000000002,319
data_@AthenaDelayComp_viktor_VP06_190515_ASV.mat,viktor,VP06,15-May-2019,14:45:43,83,76,1,0.05,1.2140000000000002,248
data_@AthenaDelayComp_viktor_VP06_190516_ASV.mat,viktor,VP06,16-May-2019,14:32:37,79,84,1,0.05,1.4250000000000003,263
data_@AthenaDelayComp_viktor_VP06_190517_ASV.mat,viktor,VP06,17-May-2019,14:04:28,44,39,1,0.05,1.588,167
data_@AthenaDelayComp_viktor_VP06_190520_ASV.mat,viktor,VP06,20-May-2019,16:23:30,48,80,1,0.05,1.9040000000000001,216
data_@AthenaDelayComp_viktor_VP06_190521_ASV.mat,viktor,VP06,21-May-2019,14:37:58,58,57,1,0.05,2.198,173
data_@AthenaDelayComp_viktor_VP07_190425_ASV.mat,viktor,VP07,25-Apr-2019,18:21:42,59,32,0,0.05,0.25,91
data_@AthenaDelayComp_viktor_VP07_190426_ASV.mat,viktor,VP07,26-Apr-2019,15:29:39,32,32,0,0.05,0.25,64
data_@AthenaDelayComp_viktor_VP07_190429_ASV.mat,viktor,VP07,29-Apr-2019,17:50:11,59,49,0,0.05,0.25,108
data_@AthenaDelayComp_viktor_VP07_190430_ASV.mat,viktor,VP07,30-Apr-2019,16:14:37,37,27,0,0.05,0.25,64
data_@AthenaDelayComp_viktor_VP07_190501_ASV.mat,viktor,VP07,01-May-2019,16:06:46,43,50,0,0.05,0.25,93
data_@AthenaDelayComp_viktor_VP07_190502_ASV.mat,viktor,VP07,02-May-2019,16:21:01,49,38,0,0.05,0.25,87
data_@AthenaDelayComp_viktor_VP07_190503_ASV.mat,viktor,VP07,03-May-2019,14:51:16,41,34,0,0.05,0.25,75
data_@AthenaDelayComp_viktor_VP07_190507_ASV.mat,viktor,VP07,07-May-2019,17:34:05,227,245,0,0.05,0.25,472
data_@AthenaDelayComp_viktor_VP07_190508_ASV.mat,viktor,VP07,08-May-2019,16:17:15,141,132,0,0.05,0.25,273
data_@AthenaDelayComp_viktor_VP07_190509_ASV.mat,viktor,VP07,09-May-2019,16:40:22,1,2,1,0.05,0.22900000000000015,44
data_@AthenaDelayComp_viktor_VP07_190510_ASV.mat,viktor,VP07,10-May-2019,15:13:02,0,0,1,0.05,0.25000000000000017,26
data_@AthenaDelayComp_viktor_VP07_190513_ASV.mat,viktor,VP07,13-May-2019,17:45:02,0,0,1,0.05,0.2620000000000001,17
data_@AthenaDelayComp_viktor_VP07_190514_ASV.mat,viktor,VP07,14-May-2019,16:16:38,0,0,1,0.05,0.28500000000000014,29
data_@AthenaDelayComp_viktor_VP07_190515_ASV.mat,viktor,VP07,15-May-2019,16:11:49,0,0,1,0.05,0.30800000000000016,27
data_@AthenaDelayComp_viktor_VP07_190516_ASV.mat,viktor,VP07,16-May-2019,16:00:53,0,0,1,0.05,0.3310000000000002,28
data_@AthenaDelayComp_viktor_VP07_190517_ASV.mat,viktor,VP07,17-May-2019,15:33:13,0,0,1,0.05,0.34400000000000014,15
data_@AthenaDelayComp_viktor_VP07_190520_ASV.mat,viktor,VP07,20-May-2019,17:48:56,0,0,1,0.05,0.36800000000000016,26
data_@AthenaDelayComp_viktor_VP07_190521_ASV.mat,viktor,VP07,21-May-2019,16:05:36,0,0,1,0.05,0.3900000000000001,25
data_@AthenaDelayComp_viktor_VP08_190425_ASV.mat,viktor,VP08,25-Apr-2019,17:21:53,46,37,0,0.05,0.25,83
data_@AthenaDelayComp_viktor_VP08_190426_ASV.mat,viktor,VP08,26-Apr-2019,15:29:35,49,40,0,0.05,0.25,89
data_@AthenaDelayComp_viktor_VP08_190429_ASV.mat,viktor,VP08,29-Apr-2019,17:50:04,45,51,0,0.05,0.25,96
data_@AthenaDelayComp_viktor_VP08_190430_ASV.mat,viktor,VP08,30-Apr-2019,16:14:29,40,49,0,0.05,0.25,89
data_@AthenaDelayComp_viktor_VP08_190501_ASV.mat,viktor,VP08,01-May-2019,16:06:42,44,36,0,0.05,0.25,80
data_@AthenaDelayComp_viktor_VP08_190502_ASV.mat,viktor,VP08,02-May-2019,16:21:06,55,44,0,0.05,0.25,99
data_@AthenaDelayComp_viktor_VP08_190503_ASV.mat,viktor,VP08,03-May-2019,14:51:22,48,35,0,0.05,0.25,83
data_@AthenaDelayComp_viktor_VP08_190507_ASV.mat,viktor,VP08,07-May-2019,17:34:13,228,233,0,0.05,0.25,461
data_@AthenaDelayComp_viktor_VP08_190508_ASV.mat,viktor,VP08,08-May-2019,16:17:20,160,175,0,0.05,0.25,335
data_@AthenaDelayComp_viktor_VP08_190509_ASV.mat,viktor,VP08,09-May-2019,16:40:27,9,3,1,0.05,0.24000000000000016,58
data_@AthenaDelayComp_viktor_VP08_190510_ASV.mat,viktor,VP08,10-May-2019,15:13:33,2,3,1,0.05,0.2600000000000001,30
data_@AthenaDelayComp_viktor_VP08_190513_ASV.mat,viktor,VP08,13-May-2019,17:45:07,3,3,1,0.05,0.28200000000000014,45
data_@AthenaDelayComp_viktor_VP08_190514_ASV.mat,viktor,VP08,14-May-2019,16:16:45,2,1,1,0.05,0.30300000000000016,67
data_@AthenaDelayComp_viktor_VP08_190515_ASV.mat,viktor,VP08,15-May-2019,16:11:53,19,17,1,0.05,0.35100000000000015,140
data_@AthenaDelayComp_viktor_VP08_190516_ASV.mat,viktor,VP08,16-May-2019,16:00:59,114,125,1,0.05,0.6520000000000001,410
data_@AthenaDelayComp_viktor_VP08_190517_ASV.mat,viktor,VP08,17-May-2019,15:33:26,75,70,1,0.05,0.8500000000000002,230
data_@AthenaDelayComp_viktor_VP08_190520_ASV.mat,viktor,VP08,20-May-2019,17:49:09,87,92,1,0.05,1.0741,310
data_@AthenaDelayComp_viktor_VP08_190521_ASV.mat,viktor,VP08,21-May-2019,16:05:49,48,41,1,0.05,1.2020000000000002,186
data_@AthenaDelayComp_athena_AA01_190522_ASV.mat,athena,AA01,22-May-2019,10:19:20,12,16,1,0.05,0.4620000000000002,103
data_@AthenaDelayComp_athena_AA02_190522_ASV.mat,athena,AA02,22-May-2019,10:19:30,56,77,1,0.05,3.375,240
data_@AthenaDelayComp_athena_AA03_190522_ASV.mat,athena,AA03,22-May-2019,11:47:21,0,0,1,0.05,0.41700000000000015,43
data_@AthenaDelayComp_athena_AA04_190522_ASV.mat,athena,AA04,22-May-2019,11:47:31,57,66,1,0.05,2.382,210
data_@AthenaDelayComp_athena_AA05_190522_ASV.mat,athena,AA05,22-May-2019,13:19:13,0,0,1,0.05,0.42200000000000015,26
data_@AthenaDelayComp_athena_AA06_190522_ASV.mat,athena,AA06,22-May-2019,13:19:26,84,94,1,0.05,2.192,293
data_@AthenaDelayComp_athena_AA07_190522_ASV.mat,athena,AA07,22-May-2019,16:06:32,31,29,1,0.05,1.5040000000000002,144
data_@AthenaDelayComp_athena_AA08_190522_ASV.mat,athena,AA08,22-May-2019,16:07:00,69,60,1,0.05,2.6550000000000002,213
data_@AthenaDelayComp_dammy_DO01_190522_ASV.mat,dammy,DO01,22-May-2019,10:21:15,99,110,1,0.05,1.211,320
data_@AthenaDelayComp_dammy_DO02_190522_ASV.mat,dammy,DO02,22-May-2019,10:21:27,71,75,1,0.05,2.338,201
data_@AthenaDelayComp_dammy_DO03_190522_ASV.mat,dammy,DO03,22-May-2019,11:48:36,1,1,1,0.05,0.42900000000000016,36
data_@AthenaDelayComp_dammy_DO04_190522_ASV.mat,dammy,DO04,22-May-2019,11:48:48,43,44,1,0.05,1.6,132
data_@AthenaDelayComp_dammy_DO05_190522_ASV.mat,dammy,DO05,22-May-2019,14:41:05,45,57,1,0.05,2.7750000000000004,175
data_@AthenaDelayComp_dammy_DO06_190522_ASV.mat,dammy,DO06,22-May-2019,14:41:35,55,50,1,0.05,1.5460000000000003,200
data_@AthenaDelayComp_dammy_DO07_190522_ASV.mat,dammy,DO07,22-May-2019,16:07:58,37,41,1,0.05,2.0540000000000003,150
data_@AthenaDelayComp_dammy_DO08_190522_ASV.mat,dammy,DO08,22-May-2019,16:08:08,42,36,1,0.05,2.0300000000000002,168
data_@AthenaDelayComp_sharbat_SC01_190522_ASV.mat,sharbat,SC01,22-May-2019,10:22:50,85,84,1,0.05,2.19,238
data_@AthenaDelayComp_sharbat_SC02_190522_ASV.mat,sharbat,SC02,22-May-2019,10:23:03,53,47,1,0.05,1.4520000000000002,191
data_@AthenaDelayComp_sharbat_SC03_190522_ASV.mat,sharbat,SC03,22-May-2019,13:15:48,76,62,1,0.05,1.8100000000000003,199
data_@AthenaDelayComp_sharbat_SC04_190522_ASV.mat,sharbat,SC04,22-May-2019,13:16:15,58,66,1,0.05,1.8200000000000003,220
data_@AthenaDelayComp_sharbat_SC05_190522_ASV.mat,sharbat,SC05,22-May-2019,14:43:07,1,0,1,0.05,0.42500000000000016,47
data_@AthenaDelayComp_sharbat_SC06_190522_ASV.mat,sharbat,SC06,22-May-2019,14:43:15,57,50,1,0.05,3.051,184
data_@AthenaDelayComp_viktor_VP01_190522_ASV.mat,viktor,VP01,22-May-2019,11:45:30,2,0,1,0.05,0.42600000000000016,33
data_@AthenaDelayComp_viktor_VP02_190522_ASV.mat,viktor,VP02,22-May-2019,11:45:58,113,123,1,0.05,1.1445,359
data_@AthenaDelayComp_viktor_VP03_190522_ASV.mat,viktor,VP03,22-May-2019,13:17:43,56,52,1,0.05,2.224,179
data_@AthenaDelayComp_viktor_VP04_190522_ASV.mat,viktor,VP04,22-May-2019,13:17:53,52,53,1,0.05,1.854,167
data_@AthenaDelayComp_viktor_VP05_190522_ASV.mat,viktor,VP05,22-May-2019,14:44:29,0,0,1,0.05,0.44100000000000017,27
data_@AthenaDelayComp_viktor_VP06_190522_ASV.mat,viktor,VP06,22-May-2019,14:44:43,34,32,1,0.05,2.3880000000000003,122
data_@AthenaDelayComp_viktor_VP07_190522_ASV.mat,viktor,VP07,22-May-2019,16:08:52,0,0,1,0.05,0.41200000000000014,27
data_@AthenaDelayComp_viktor_VP08_190522_ASV.mat,viktor,VP08,22-May-2019,16:09:05,58,63,1,0.05,1.364,261
